{
  "name": "抽枝",
  "category": "rituals",
  "icon": "bewitchment:broom",
  "pages": [
	{
	  "type": "text",
	  "text": "将一个平凡的扫帚转化为它的魔法版本，而无论是普通扫帚还是魔法扫帚，都可以用来扫除地上的各种粉尘。"
	},
	{
	  "type": "crafting",
	  "recipe": "bewitchment:broom"
	},
	{
	  "type": "text",
	  "title": "柏木扫帚",
	  "text": "柏木扫帚消耗魔导书中的魔力来保持飞行，当配备时，它也提供[ 抗性提升 II ]的效果"
	},
	{
	  "type": "bewitchment:ritual",
	  "recipe": "bewitchment:cypress_broom"
	},
	{
	  "type": "text",
	  "title": "接骨木扫帚",
	  "text": "消耗魔导书中的魔力来保持飞行，它是飞的最快的扫帚，但不提供任何特殊的属性"
	},
	{
	  "type": "bewitchment:ritual",
	  "recipe": "bewitchment:elder_broom"
	},
	{
	  "type": "text",
	  "title": "杜松木扫帚",
	  "text": "杜松木扫帚不消耗魔导书中的魔力，因为它自身的魔法属性，但是，它飞的是相当慢"
	},
	{
	  "type": "bewitchment:ritual",
	  "recipe": "bewitchment:juniper_broom"
	},
	{
	  "type": "text",
	  "title": "龙血木扫帚",
	  "text": "龙血木制作的扫帚，可以在上面附加上符文，符文效果会在骑手身上生效。飞行速度仅次于接骨木扫帚"
	},
	{
	  "type": "bewitchment:ritual",
	  "recipe": "bewitchment:dragons_blood_broom"
	}
  ]
}
